first_name,last_name,email,phone,password
Shalna,Routledge,sroutledge0@fastcompany.com,106-648-4368,pY0=v11W
Lydia,Hallagan,lhallagan1@webs.com,898-556-7382,xR7!|cce7RKm
Rhody,Carwithen,rcarwithen2@nationalgeographic.com,606-897-9660,mD9/tI/vZ(Gg
Neile,Dawkins,ndawkins3@walmart.com,626-201-6281,hD9~kVyPU8K
Alastair,Munkley,amunkley4@cnn.com,796-887-4398,"uB1""=whgM4"
Lucy,Teas,lteas5@youtube.com,276-535-6035,xS8<G'lKV=
Dorice,Pavlenkov,dpavlenkov6@friendfeed.com,717-818-2155,iA3&RGWi7
Dom,Bursnall,dbursnall7@cornell.edu,370-255-0578,"rB8/'&TFrs""b"
Page,Bexon,pbexon8@gmpg.org,272-330-2253,lN9}sf{+r\foO#f
Sabrina,Filippucci,sfilippucci9@nih.gov,472-772-6462,"tB8,?T0=F""9"
Malvin,Thredder,mthreddera@fotki.com,290-569-2742,rD7@Kth17e)RVo|
Micaela,Tryhorn,mtryhornb@ocn.ne.jp,374-167-9313,xK5=hpW5urIK
Sofia,Gilbody,sgilbodyc@dailymotion.com,708-217-6440,xA3+P*cw>
Jasen,Noirel,jnoireld@reuters.com,828-150-3921,gQ0+$Y1>'\.goar
Laurianne,Tack,ltacke@cbc.ca,839-383-0548,dD5}6Kwh\*CJ{E17
Marietta,Darnbrook,mdarnbrookf@ycombinator.com,945-357-4169,nB3?ck49|LxUo
Fannie,Buckler,fbucklerg@google.de,252-816-8659,sD0?nlg/kT
Morty,Yeatman,myeatmanh@huffingtonpost.com,998-302-6867,vX2*ag\|GtS#F
Nowell,Beddoes,nbeddoesi@taobao.com,965-556-1026,"dY3%V,vQ/6LX=*"
Charmine,Bauduccio,cbauduccioj@php.net,936-995-6384,dK2$lUTscmkNi=kc
Corinne,Leaver,cleaverk@plala.or.jp,748-486-8217,eN4'Mjx#g_v
Nonnah,Madden,nmaddenl@blog.com,372-581-3890,wF2|H6a*7>8L
Berri,Neeves,bneevesm@geocities.com,658-889-7343,xG1=_rdG%=\fOj_s
Elora,Groundwater,egroundwatern@howstuffworks.com,508-429-2751,"cX1,.)rtdEEOkb"
Chrisy,Issit,cissito@redcross.org,511-290-3762,tS7=O5qm6L
Petronella,Streetfield,pstreetfieldp@google.nl,436-755-7078,"yI5>>bJdpt,EalVs"
Gardiner,Malcolmson,gmalcolmsonq@ihg.com,571-974-4267,gO4%GjisF(x8D1
Lin,Wille,lwiller@goo.gl,338-214-7845,"qP0'(kp,yJ7p`)eb"
Kendell,Ottawell,kottawells@army.mil,807-957-9838,sH8|h/_JF~#G
Allie,Michelotti,amichelottit@usa.gov,181-753-7723,"jK5,<$QG"
Marji,Clace,mclaceu@reuters.com,711-660-7747,fT6@k5<Nn\Hdy
Murial,Filipczak,mfilipczakv@mozilla.com,855-136-8141,hZ8<Sw0i{yR2aWq
Corene,Gollop,cgollopw@sphinn.com,973-388-2853,"aU7""'#vH`f8S|Y"
Angelita,McLurg,amclurgx@1688.com,645-215-3484,"yR6/d~hI%W""Y<"
Agneta,Wimmers,awimmersy@ocn.ne.jp,439-102-3525,"sT7,TW2Ps/vQ2N"
Eugenio,McGrotty,emcgrottyz@infoseek.co.jp,874-920-9216,jR7`!Rx/8
Ruthann,Shergold,rshergold10@cloudflare.com,990-102-2321,sM2/cAI3Vl
Emory,Angove,eangove11@si.edu,277-329-2441,cM4/HocE3eFSt`L
Jodi,Spendlove,jspendlove12@behance.net,695-368-2036,eL3&@Fi>
Clive,Peschke,cpeschke13@fda.gov,889-872-0056,cT6#|D=F!\Uqz
Florance,Searson,fsearson14@slashdot.org,352-673-0018,"bT0{{""Aprchcu"
Pate,Brotherick,pbrotherick15@nasa.gov,177-343-6270,dN1>qxjO(2GL$TWG
Royal,Belfitt,rbelfitt16@unesco.org,328-698-7031,"cI7/oOet"""
Tobe,Moughtin,tmoughtin17@vkontakte.ru,344-905-0936,bN1_+NBb(>b
Gratiana,Dobie,gdobie18@meetup.com,154-772-1701,mW9>qQ&0O
Aline,Hawkey,ahawkey19@zdnet.com,693-322-3918,rX5%++LMk1mx9
Ruby,Woolliams,rwoolliams1a@goodreads.com,212-596-6432,vA3&\)lYtc?uCB
Delmar,Ausher,dausher1b@seattletimes.com,577-541-2756,fP7'nz&Olo51&D
Codi,Battany,cbattany1c@etsy.com,637-855-4085,nI8$TKN*k
Barbe,Wafer,bwafer1d@reference.com,502-917-2720,dP2`5\ZtkUL@g<
Nissie,Biggs,nbiggs1e@privacy.gov.au,429-361-8074,bI5<C?+OR0=
Nicolina,Albion,nalbion1f@shop-pro.jp,167-383-0880,gL6_I@D<&
Dion,Sydes,dsydes1g@newsvine.com,947-227-6594,fP6)`RMaapE
Valeda,Cleen,vcleen1h@pcworld.com,479-672-0204,wQ3~va8byX=
Jandy,Cuerda,jcuerda1i@scribd.com,924-921-8662,uR2=t?v+_QWw*
Lewie,Zanazzi,lzanazzi1j@php.net,118-207-5619,oL2$U\B{6Bwy
Trish,Urlin,turlin1k@1688.com,578-638-5151,gJ0/xi6XJKo
Tess,Feasey,tfeasey1l@earthlink.net,757-445-6445,rU3(Q$3hu
Alon,De Mitris,ademitris1m@census.gov,388-567-3288,uW8\jdH9bQl
Brade,Ivetts,bivetts1n@opera.com,970-853-7981,hY3&Zu'\G<R
Pasquale,Neame,pneame1o@answers.com,390-543-0417,wM4~#f_rH'(HL
Errol,Bruneton,ebruneton1p@mozilla.com,143-564-8590,pX9%Ly1O
Emelda,Milington,emilington1q@uol.com.br,948-990-0628,uR4~dUKC%rA8l69
Araldo,Villaron,avillaron1r@merriam-webster.com,413-467-3154,pX5*sRa%V4K
Eadie,Ellgood,eellgood1s@forbes.com,793-852-5788,"gU7+a,CVQnq%("
Juliann,Oliphand,joliphand1t@sakura.ne.jp,920-580-4699,hE9{ufhm|
Arley,Chadband,achadband1u@booking.com,700-280-5949,"oV5,568~r6Z}9*tl"
Enrica,Avieson,eavieson1v@ebay.com,669-403-0091,cH0!QrM@
Stu,Trever,strever1w@blogs.com,815-558-8055,hI0!T%ax
Chaddy,Grelka,cgrelka1x@reference.com,209-808-6270,fF7}gl)Yv
Gamaliel,Maeer,gmaeer1y@imageshack.us,470-941-2040,tH0>nCoad4N+Mr
Rana,Creboe,rcreboe1z@storify.com,874-738-9123,kC9_|$z0xh91tpN|
Dory,Skinner,dskinner20@blogs.com,450-924-3210,"wT3`xq,1"
Channa,Dooland,cdooland21@msu.edu,802-946-4115,kX5}82\AsF
Ashla,Worsell,aworsell22@godaddy.com,839-234-6643,wW1@%e9oTW|
Margret,Cheatle,mcheatle23@goo.gl,656-781-3686,vG1}xpUIfg
Adiana,Cordery,acordery24@godaddy.com,678-424-8384,"nE2|QZ54!upRamF,"
Felita,Kynson,fkynson25@bloglovin.com,830-978-8108,"fY5,8Gq7e"
Dniren,Abbati,dabbati26@xrea.com,162-779-8770,oT9!!6X+
Michaeline,Knutton,mknutton27@techcrunch.com,289-689-4919,xE4$~$>W9SHwvkJ@
Wilbur,Dunkley,wdunkley28@example.com,375-775-8606,pC3&`v`9{3FY=H
Roddie,Ruppel,rruppel29@booking.com,599-413-6751,lO8#DIz!!&J6T
Ambrosio,Dorow,adorow2a@blogs.com,821-831-1635,kW1>PA6d'Z`
Hurlee,Yearnsley,hyearnsley2b@seesaa.net,332-559-3118,yS1#lCLfz
Sammie,Twinn,stwinn2c@paypal.com,383-365-1335,"sJ8"")6aOc=N""Z'"
Jobey,Moreton,jmoreton2d@hostgator.com,129-475-9047,pT6?ntHe.!ei~\!?
Robbert,Lapidus,rlapidus2e@un.org,431-616-7931,yL8`c|)w(&m9sUrq
Latisha,Stichel,lstichel2f@un.org,810-825-7468,"uG7""8Go0dIDw"
Orelia,Vella,ovella2g@unesco.org,465-397-3057,"mW2=JHzQ,P\X"
Bethina,Cantua,bcantua2h@purevolume.com,577-999-3486,zJ4~49AR@G4
Michal,Norheny,mnorheny2i@biglobe.ne.jp,204-885-4995,tT9.}D+F'8
Almeda,Hanbury-Brown,ahanburybrown2j@wisc.edu,270-556-4060,fU1)6BG45
Curr,Matt,cmatt2k@europa.eu,971-186-2636,oX9&}4v$ZT=&Cg8
Algernon,O'Corhane,aocorhane2l@acquirethisname.com,258-228-3018,vQ5+hw4e8
Stacee,Milillo,smilillo2m@yahoo.co.jp,776-552-1993,"pM6,dz,U'37as"
Fidelity,Glazyer,fglazyer2n@oakley.com,626-174-0051,"iO5*0+PG""!hgmpn"
Benedetto,McPolin,bmcpolin2o@webnode.com,309-435-3092,cS5)X7Cr?Y
Bevan,Exeter,bexeter2p@arstechnica.com,492-652-8203,pG5%Xzs+nx=*T
Trueman,Chevolleau,tchevolleau2q@domainmarket.com,697-611-8246,dX3_akkgaiH!}Ks
Malissia,Rafter,mrafter2r@4shared.com,506-624-9603,qH1$@%h/mE?
Cymbre,Pelosi,cpelosi2s@answers.com,474-412-6105,pC4}<X%dQ7T
Lukas,Dybell,ldybell2t@netlog.com,203-314-8873,nI1~Kt!~b`JUu2
Gretchen,Rapi,grapi2u@furl.net,833-394-6982,"mO6)z\~,"
Tiebold,Besnardeau,tbesnardeau2v@people.com.cn,578-913-9450,tZ5~!P_CIFt>8
Netti,Stockow,nstockow2w@nih.gov,648-793-9595,bR8/j/$e1vGbwHH
Marrilee,Coast,mcoast2x@arstechnica.com,713-108-3652,"aD1=IKTem{fr,kF"
Frans,Oakton,foakton2y@wikia.com,262-618-5927,sN0%y1>&F
Dasha,Crosscombe,dcrosscombe2z@flavors.me,844-526-2268,nK3)bzEkpfj2+
Gregoire,Godmar,ggodmar30@mail.ru,183-193-3899,qH8)/PqvG(E1
Clotilda,D'Adda,cdadda31@scientificamerican.com,826-394-8020,uN3=x/ci!
Emmalyn,Rushworth,erushworth32@odnoklassniki.ru,780-206-0410,hH5.sU.gz#
Thorsten,Earlam,tearlam33@upenn.edu,205-571-2136,fO1?DKy8=
Debbi,Levensky,dlevensky34@google.com.au,399-460-6126,fM8%@{ox${Wc
Calhoun,Whitington,cwhitington35@blinklist.com,190-768-1722,zZ0()9Ujp
Benedick,Arons,barons36@alexa.com,732-235-2983,dF3\yaHa<*8J
Carry,Borrowman,cborrowman37@moonfruit.com,391-819-4697,gL5|i*rUR`Zy\0Cb
Jocelyn,Burnhill,jburnhill38@bing.com,137-362-5804,fM8>Ia.=/NU4
Yvonne,Gostick,ygostick39@ftc.gov,586-708-6462,aG1|)OWbSiL\0S/4
Tabor,Harme,tharme3a@dailymotion.com,583-144-9172,oF2!LIB<e??t%A
Desi,Nancarrow,dnancarrow3b@quantcast.com,360-495-2449,"nV6*WG""h"
Eddy,McKinstry,emckinstry3c@wiley.com,899-963-7243,nK3?\2+!D~D*
Gabriel,Patullo,gpatullo3d@epa.gov,127-698-0276,aZ2\uZ3a64Du
Jason,Houtby,jhoutby3e@apple.com,307-456-2306,"nA9~'u8i""oY"
Andres,Sarfat,asarfat3f@ebay.com,163-339-2561,aU9#aq0q43h>~
Hilde,Freyn,hfreyn3g@google.com.au,301-749-9164,iQ9)D@=s9Mbt'K%
Caty,Borrell,cborrell3h@businesswire.com,581-762-0217,sS7?<b4&mA/
Jeffy,Brindle,jbrindle3i@prlog.org,971-337-0980,nE4<ZDDn`4uA8d}7
Elenore,Jillett,ejillett3j@digg.com,367-383-0839,uV5.$zs~t!hl'
Ted,Borrow,tborrow3k@gmpg.org,335-219-1554,lN0)x5<kw
Cymbre,Pennaman,cpennaman3l@cnn.com,718-260-8944,"pU4!>@O,w%+q"
Guy,Duffitt,gduffitt3m@bing.com,927-226-2271,yK4<iPCo<M>x8`
Cory,Dow,cdow3n@rediff.com,798-136-2743,xI6/mv<@*#
Rowen,Forrester,rforrester3o@arstechnica.com,250-672-0749,"eJ2,*BS&reh<s"
Milo,McGilleghole,mmcgilleghole3p@youku.com,864-911-8871,"aG0#IvYBTXFIPn"""
Dane,Medlicott,dmedlicott3q@bluehost.com,825-772-4556,"jK4.i|J,zng"
Fianna,Logue,flogue3r@state.gov,928-219-6642,kZ7.g||BsL3Q
Lucinda,Challace,lchallace3s@ucla.edu,633-623-1996,nW4>R44l
Celestyn,Savine,csavine3t@gravatar.com,524-483-0383,jB1@arqOh3X
Yetta,Guitel,yguitel3u@jigsy.com,646-209-0904,jA5|F4G%w.H'1
Edi,Couvet,ecouvet3v@tripod.com,171-135-5644,xI4<Okk'<
Rowen,Leebeter,rleebeter3w@diigo.com,288-163-6850,nP7&(l&U
Kora,Kealy,kkealy3x@1und1.de,402-885-1615,tS1#aKOd2@mI}
Gertie,Montes,gmontes3y@4shared.com,159-393-2087,mE1=N<JdMRHNFq%
Carita,McGeouch,cmcgeouch3z@ed.gov,862-129-5241,zP6.>o>laHfP!n
Lazare,Cruse,lcruse40@icio.us,216-526-9927,aH8`$c$vl
Vonny,Fenwick,vfenwick41@unc.edu,884-883-3922,"xR0,`'Sk"
Rivkah,Crucitti,rcrucitti42@sogou.com,641-966-2795,dU2`OJC(%ibO{NK
Molly,Elijahu,melijahu43@sbwire.com,488-669-6354,xE9#gWi50EK>*N
Launce,Dannehl,ldannehl44@intel.com,385-674-8779,hK9$lYwnV
Morly,Cragoe,mcragoe45@fda.gov,680-740-5493,eJ1@z6$7jx
Emmit,Pudge,epudge46@digg.com,753-131-6803,"fS9!edNCNIl3i""QN"
Patrice,Everson,peverson47@is.gd,829-332-8866,qD9.T3AO.bId
Davey,Southward,dsouthward48@discovery.com,290-399-2651,jI4?ch})X&Rta
Martha,Poppleston,mpoppleston49@scientificamerican.com,453-140-0249,"lS4})""MElF"
Alric,Barff,abarff4a@tmall.com,180-308-8731,yK1*x9suM(&/e4
Helsa,Georgius,hgeorgius4b@si.edu,546-740-4577,"pV1{3E""`lm#zNZe%"
Prince,McLay,pmclay4c@oracle.com,209-470-7258,sE9(x#5YA/
Channa,Cancellieri,ccancellieri4d@deliciousdays.com,302-348-4356,yB8%atqNR9y'%P
Wallie,Pimmocke,wpimmocke4e@list-manage.com,616-272-6195,mG2={Xp!1ut
Hendrika,Twiddy,htwiddy4f@sitemeter.com,328-962-0060,"rB5@""*V""R"
Mehetabel,Byrth,mbyrth4g@harvard.edu,638-374-2559,dH9<p944bH#J\*
Calhoun,Lympany,clympany4h@dmoz.org,886-518-5200,"pZ8#{""F!l#CjMV"
Berne,McMackin,bmcmackin4i@meetup.com,269-383-1620,sI8&fL&`@v>
Lari,Maskill,lmaskill4j@plala.or.jp,988-524-4258,nT0<Hi3FnZZ4
Ermin,Syratt,esyratt4k@hubpages.com,889-624-7047,"mZ3,P'K}{,KaK"
Corinna,Mar,cmar4l@cbslocal.com,816-967-8371,"wU4,HA7eK"
Cheslie,Kos,ckos4m@google.pl,136-494-3403,dN8$`>FP/'}
Massimiliano,Phillput,mphillput4n@cnbc.com,921-239-0560,rL6'p8g0aSr0
Florette,Service,fservice4o@jugem.jp,593-732-3623,nX3$0X5\qv#
Tiebout,Cardon,tcardon4p@smugmug.com,271-920-2187,oY1)zy&)@8in7q
Cathie,Morais,cmorais4q@bigcartel.com,396-543-2190,tV6?<5smaYnkk=
Lenka,Mayoral,lmayoral4r@nationalgeographic.com,495-644-1673,qS6'brMM$pF&s(T?
Lira,Diss,ldiss4s@yolasite.com,778-668-4738,fB2!CrO>i
Jennifer,Klausewitz,jklausewitz4t@ameblo.jp,291-655-5005,wO8_{n''s`gI
Eberhard,Mariotte,emariotte4u@patch.com,268-532-0232,"bX2,uS""KXa"
Morten,Darrell,mdarrell4v@sfgate.com,461-831-2526,pK1$~kM5m%z
Ivar,Kennham,ikennham4w@salon.com,746-210-8753,"iQ5,I_I5cZ"
Ruperto,Volage,rvolage4x@amazon.de,731-591-6213,aG3=LOnp
Sandie,Lukianovich,slukianovich4y@hhs.gov,873-148-3078,"iW4)bR$""BwCN#DDH"
Giordano,Beaty,gbeaty4z@wikispaces.com,190-469-0185,"gC4,cNlb\E5"
Townie,Ucchino,tucchino50@hud.gov,910-160-4779,vV2?F_rI_T
Adelind,Hebdon,ahebdon51@bbc.co.uk,871-318-3370,hS1|l~4UXj
Fionna,Persitt,fpersitt52@washington.edu,222-140-8744,sV9*7&eJfoM6d&k1
Felicity,Liven,fliven53@furl.net,908-606-9164,"vY3@r=D""O?4<e"
Charin,Shera,cshera54@usa.gov,834-127-7151,wU6@0bcj@V}S7'pq
Auroora,Warters,awarters55@cmu.edu,605-936-5222,bQ7$6f5hha
Kristo,Readitt,kreaditt56@theglobeandmail.com,135-960-3272,vI7$`=C`lJ++J*}<
Ardra,Mineghelli,amineghelli57@mit.edu,482-632-0301,pY7&DFl}`*46#?Kb
Claudianus,Comiskey,ccomiskey58@gnu.org,114-842-9589,eL9\sJ/v%JT
Tobiah,Sumnall,tsumnall59@tripod.com,803-786-4456,oA2~6xb19YoKCFw
Ermina,McWhan,emcwhan5a@delicious.com,334-388-4161,lP9$hYpD4
Loella,Harvey,lharvey5b@ft.com,631-211-4719,eO3?8#7Y@_!SC{0
Chet,Spinige,cspinige5c@jugem.jp,495-995-4553,mA2<wNK.Ia#!
Ibby,Rief,irief5d@nbcnews.com,402-217-9489,vB4!u4tT
April,Dyter,adyter5e@ox.ac.uk,778-430-4754,uM6{fGGE`?I<wwG{
Deane,Kellie,dkellie5f@sphinn.com,485-369-6261,tB7?m|DkdMVFQ
Aron,Mauser,amauser5g@reuters.com,358-577-0644,tZ0\tim_A#JS
Claire,Hammelberg,chammelberg5h@discovery.com,936-504-2030,rL8?0MxU8*8
Sherlocke,Sommerville,ssommerville5i@unesco.org,723-659-2877,kY4>g<kE/21~6ZGb
Abagail,Inglese,ainglese5j@indiatimes.com,455-715-3288,oD6=KF$U8
Annabal,Gambie,agambie5k@ed.gov,825-662-7038,cQ9@\u)r3
Hilliary,Minelli,hminelli5l@printfriendly.com,727-857-1556,gU1@I'A1zNCiv
Leroi,Castard,lcastard5m@seattletimes.com,419-319-7949,"uK6""EX`{K"
Colan,Martynikhin,cmartynikhin5n@a8.net,752-957-1189,lS0?eKxzOI/9WP
Claiborne,Gearing,cgearing5o@wix.com,853-531-3114,bQ0&'ajJ%MH
Luis,Jewer,ljewer5p@bing.com,841-413-6218,rM6!.cNeH
Jeniffer,Leven,jleven5q@tiny.cc,565-757-6928,pZ1)2S&fJVA*g9W
Rafe,Rasher,rrasher5r@last.fm,887-695-3988,fQ7=L6(~
Breena,Sperry,bsperry5s@mysql.com,598-232-3924,mP3/NBz.Dg
Lannie,Don,ldon5t@rakuten.co.jp,163-599-0377,"zS9""@@'d%{"
Hannis,Lathleiff,hlathleiff5u@lulu.com,493-759-0024,gN8=Q97~f
Roxana,Brims,rbrims5v@nhs.uk,192-773-6599,"rY8""HnJ0s"
Sylvia,Wyon,swyon5w@independent.co.uk,621-929-7900,bD2)`hdJ5
Darill,O'Calleran,docalleran5x@is.gd,573-301-1765,qK6~|!k24J52M
Prentiss,Aguirrezabal,paguirrezabal5y@usatoday.com,858-666-4076,jN6*|hhrq
Benjamen,Blasetti,bblasetti5z@eventbrite.com,223-618-3699,yV6>G2gPlm$3LvV
Daria,Hanwright,dhanwright60@ted.com,273-733-9384,uZ2+yzw.
Rhonda,Storm,rstorm61@google.de,815-394-2088,qW6/*a{se&
Deane,Brownsall,dbrownsall62@bbc.co.uk,864-313-6544,nG2`n2|?f
Lurette,Bantham,lbantham63@angelfire.com,701-763-8771,jF5|PK4d
Fergus,Antognazzi,fantognazzi64@oakley.com,226-323-0275,tA9?IG=S!f
Chen,Greener,cgreener65@columbia.edu,460-765-3516,"lW0&w`lqwv""ue=R~"
Cissy,Grissett,cgrissett66@slideshare.net,775-770-5433,aS2)H)Ho
Fernandina,Methingam,fmethingam67@webeden.co.uk,295-173-3552,"fD0`5lSS|n<%@G%,"
Aldis,Cheek,acheek68@sciencedaily.com,248-798-8707,qZ7@&W{4C3
Amos,Hawkings,ahawkings69@issuu.com,865-250-6385,"mR1/BH@=SS"""
Donnell,Kynnd,dkynnd6a@quantcast.com,516-217-6880,oD8=g_!Op8AB7
Cathleen,Glyne,cglyne6b@sina.com.cn,715-431-5688,pL3@sJ6m
Vito,Blaschke,vblaschke6c@rediff.com,894-716-2467,uJ8&_@#T
Grata,Betchley,gbetchley6d@discovery.com,911-848-6026,aC6$ECkifI>
Georgy,Babber,gbabber6e@goo.gl,191-347-1928,pF8\>U}4C$qA}
Kacie,Gitting,kgitting6f@people.com.cn,734-293-1785,oP5_+Lhzj!}{f
Eddie,Keedy,ekeedy6g@virginia.edu,212-648-4764,"oH3}4O9d9(RZ""Be>"
Sabina,Giamelli,sgiamelli6h@mozilla.org,425-653-3355,wM9!qR2?'
Sara-ann,Hesbrook,shesbrook6i@t-online.de,210-425-5298,eA9=5cS8e_YOB7W
Bettine,Stuckley,bstuckley6j@histats.com,395-220-2927,aE2`&<kWSokn*
Evyn,Avann,eavann6k@sina.com.cn,957-267-8462,wO0$bmkhEPt)
Traci,Gomersall,tgomersall6l@google.it,408-950-0483,cA3>H3Jl8
Tabor,Thor,tthor6m@yolasite.com,411-227-2714,uH6!`d!`|H\
Rosene,Olennikov,rolennikov6n@unc.edu,545-661-4188,hS6~X(iW.s
Frances,Weth,fweth6o@imdb.com,446-336-7650,"gK6|,o$Wfs"
Hildegaard,Newman,hnewman6p@mayoclinic.com,923-818-4451,xJ4_AdIlM
Nikolaus,Scrivener,nscrivener6q@hhs.gov,752-193-4874,eF9<#gFlzgt
Arliene,Moutray Read,amoutrayread6r@dmoz.org,624-741-9987,qY0)\?JoU8`
Blake,Cansdall,bcansdall6s@g.co,127-313-2516,bG9|!}I>GBm`O
Margalit,La Batie,mlabatie6t@fda.gov,387-859-3192,pR7=hli?$
Anna-diana,Rumming,arumming6u@163.com,404-863-8490,rK4@'~?zDbo4
Janessa,McComiskey,jmccomiskey6v@moonfruit.com,198-115-3362,"hS2/&""hGqA++"
Elsa,Amorts,eamorts6w@foxnews.com,322-678-3345,nH3/)#Z<zT
Alyse,Aldren,aaldren6x@who.int,218-779-0766,"pD7""qBo5OK#A<{#1"
Milena,Upshall,mupshall6y@google.co.uk,506-143-9860,vN5.3hxlJmQC
Filmore,Beeze,fbeeze6z@washington.edu,329-306-5138,yA7&2%D0lplI|
Ianthe,Bruhnsen,ibruhnsen70@free.fr,759-190-1054,"lT7""G~b6so&"
Idalina,Farlowe,ifarlowe71@simplemachines.org,838-576-6844,pR4@kHr'c6d2w
Chevy,Jaume,cjaume72@comsenz.com,251-401-8306,mL8`>5tOcP(K
Bethena,Cavell,bcavell73@vk.com,426-814-2751,yC9_p_tv?h
Diannne,Thinn,dthinn74@flickr.com,956-129-7533,zX1)33zo=H'qE+
Birdie,Dielhenn,bdielhenn75@go.com,750-965-4411,dE3?R#xqV>~Z
Tommie,Petche,tpetche76@home.pl,155-970-3802,oW5}oAjL?
Taryn,Loxton,tloxton77@wired.com,544-613-4327,"wI4#w+}Qeo+(*""9"
Enrica,Zottoli,ezottoli78@360.cn,554-985-4557,"qN7""d`EO9,G|@ZR#"
Marje,Eastop,meastop79@hud.gov,113-792-0124,jP4$X4n/\{T83D#
Iggie,Burdas,iburdas7a@clickbank.net,536-745-0728,iQ5}pr9?6W
Barny,Grimston,bgrimston7b@simplemachines.org,707-144-9957,lQ1|*y`Z/d6B\
Oren,Kuhndel,okuhndel7c@gnu.org,825-329-4387,lX7|bE8=$S
Kellina,Willimott,kwillimott7d@patch.com,995-437-5811,eV0%@\<rb
Ursulina,Benedtti,ubenedtti7e@360.cn,931-310-4064,cO4.AUi1b4HB4s'p
Josy,Lacase,jlacase7f@patch.com,412-600-9235,iV2+Y4N_DnGdC7FE
Ashley,Dagworthy,adagworthy7g@dell.com,914-531-6570,"pV3""mZDukHV~An"
Phil,Lelievre,plelievre7h@marketwatch.com,606-873-2366,oV7_(TQThTw
Anastasia,Sink,asink7i@gravatar.com,534-416-6823,iW3#~R>9g_ISQ
Brynn,Abelovitz,babelovitz7j@google.cn,135-817-9378,"oS2""B""%5WI3QBPtx"
Celia,Brittoner,cbrittoner7k@sina.com.cn,137-692-8509,jN3=cW_qb/3
Debra,Waples,dwaples7l@intel.com,226-659-2181,dB1|D'Izvr=@'l
Billy,Presland,bpresland7m@twitter.com,214-103-3984,uH4`*>1_&0!H>xa
Giacinta,Wyllie,gwyllie7n@theglobeandmail.com,374-764-0023,cF5/9%M##
Kimbell,Yakubovich,kyakubovich7o@tumblr.com,506-708-0541,yW6/B{b(Pcz
Florri,Ridulfo,fridulfo7p@opensource.org,515-258-7066,"nM8"",uOW&hGr"
Redford,Demange,rdemange7q@fda.gov,502-410-2960,kO5~k?q>j
Lennard,Adlard,ladlard7r@toplist.cz,341-436-4261,dS3)N$P'adu
Sande,Pietranek,spietranek7s@51.la,405-859-7880,"mA3,_qTf"
Brina,Chiverton,bchiverton7t@jalbum.net,703-523-3126,"cG3<,_w=""9h\qG"
Christan,Halloway,challoway7u@auda.org.au,814-463-8732,"tA0,$7Ge8z+"
Reyna,Yakuntsov,ryakuntsov7v@si.edu,594-669-7333,dA1{zJTiQuT
Christin,Tender,ctender7w@bandcamp.com,830-748-0319,"rU4%0)|,)qBG"
Raquel,Brack,rbrack7x@pbs.org,973-373-1282,rZ6{oYkci
Bo,Berthon,bberthon7y@pen.io,327-624-0453,"wM4""9l)y>8~G\MI"
Grier,Youtead,gyoutead7z@vimeo.com,106-511-0356,fH5.rC5W_jA`GZ
Cordie,Hanaby,chanaby80@mac.com,467-878-8969,kO6|&HW0
Osborn,Cushe,ocushe81@w3.org,729-590-5175,sW8`Dp7MH)
Pascale,Giacomi,pgiacomi82@economist.com,879-270-1260,zY6|F87D(zf$u
Marysa,Fairey,mfairey83@ucla.edu,634-949-5457,gQ6/Wu935
Yasmeen,Ruddin,yruddin84@trellian.com,848-489-6421,"fQ3,%@,g?)jYUh3"
Maggy,Bungey,mbungey85@dyndns.org,414-475-8855,bF5=)dHcGqAx#
Humfried,Phear,hphear86@un.org,415-469-8722,dR6\ZJ*0UIgioC
Jory,Smedmore,jsmedmore87@networksolutions.com,741-456-4549,sQ5<)WhZgC
Fernandina,Abrey,fabrey88@telegraph.co.uk,785-944-7586,"gM6.""9jhi'd86"
Clea,Normandale,cnormandale89@hubpages.com,379-896-4902,qD8@.YdpT5
Linnell,Gerb,lgerb8a@who.int,354-507-1628,cG5*jg(U2}$
Ruben,Hackney,rhackney8b@diigo.com,194-646-8048,vG8<7Tl2Rr.
Tildi,Jankovic,tjankovic8c@ovh.net,891-741-6013,"yJ9#I/aZ,\SBx"
Gilly,Lynn,glynn8d@abc.net.au,366-459-6393,kR6!$HXLo
Phylys,Langham,plangham8e@buzzfeed.com,658-462-1745,"yZ1~Z`m8Cc+,BV"
Dukie,Hardan,dhardan8f@reddit.com,808-172-5430,yV9??S6`bZ9
Sofia,Blackbourn,sblackbourn8g@ebay.com,620-232-1467,xF5`HPhS&%Dg+9
Patience,Gonzalez,pgonzalez8h@example.com,978-426-7088,fP5*(p(@mP
Carlyle,Backen,cbacken8i@youtube.com,309-553-7857,nE5!\|*(W5
Piotr,Ricco,pricco8j@psu.edu,992-887-5562,kC8&VmT4).Bd_cqD
Ethelbert,Grund,egrund8k@jimdo.com,148-317-8687,hP1.qg<ZxRaW3xp
Roderigo,Burnsall,rburnsall8l@prlog.org,133-360-6761,"oI8,""&lMn(qM0#m"
Haleigh,Stripling,hstripling8m@loc.gov,869-258-3701,qF3=!#cvvOqAP_)+
Mirilla,Fullerton,mfullerton8n@quantcast.com,565-598-8639,"iG8$""N*x5"
Reynard,Mogey,rmogey8o@archive.org,359-677-2985,wX7!C5Hdn
Sibelle,Kernan,skernan8p@harvard.edu,984-853-9085,"eX8|""rvNIF"
Ally,Kelsow,akelsow8q@bing.com,660-551-9764,bJ3.jr`olgI
Berne,Sikorski,bsikorski8r@nhs.uk,411-674-4438,sM8.(~z|@DO
Jesse,Kubyszek,jkubyszek8s@tmall.com,654-635-5017,vT6.9G\q
Dode,Skaif,dskaif8t@mapy.cz,722-148-0994,"oC5.jUu,HnClZ}ES"
Ronnica,Listone,rlistone8u@hp.com,362-823-5636,tZ7%/<aoXgug6r
Fitzgerald,Merkle,fmerkle8v@theglobeandmail.com,232-513-0104,gG7+Q$UDJlF
Erminia,Mutter,emutter8w@usnews.com,693-128-8934,nV4@L4.n
Tabbitha,Greder,tgreder8x@pagesperso-orange.fr,461-661-1220,yC7*3+sr
Donni,Haller,dhaller8y@usda.gov,928-246-9181,tI3?Jn?ffYrOPo(I
Gabriella,Grimolbie,ggrimolbie8z@studiopress.com,219-913-6894,eA1{7C_*m+jK=
Vassili,Sinnatt,vsinnatt90@netscape.com,534-101-3963,aU0{%<O2SxP\9/F*
Tawsha,Petrelli,tpetrelli91@youtube.com,585-364-4251,mN1}3k9u
Luce,Tregent,ltregent92@privacy.gov.au,328-898-5686,"pN3!STlb1Fz,"
Temp,Tollow,ttollow93@123-reg.co.uk,796-562-1459,nY0=h6vA0/$
Tami,Monks,tmonks94@slashdot.org,416-332-0767,jO5`p3W)0
Jeane,Oldall,joldall95@163.com,582-671-2746,vC9=Zk>R`@b2
Gay,Harraway,gharraway96@about.com,629-628-4793,pF9`wX%!x(UtMf
Brion,Meacher,bmeacher97@twitter.com,609-753-9722,tU5*HqqSh(
Missie,Pimblott,mpimblott98@vk.com,162-860-6180,vC8~3*Dm{WN?YA
Brant,Tyne,btyne99@scribd.com,581-976-1755,vX1/_v!e77r
Iorgos,Thompsett,ithompsett9a@weather.com,272-270-0455,jB8<VdM{FSslJi
Olive,Eeles,oeeles9b@loc.gov,997-122-7293,lG8*Kkk.K
Abdul,Godber,agodber9c@techcrunch.com,304-825-5826,"bK8""XVu<(8@XDTl"
Ertha,Skupinski,eskupinski9d@cloudflare.com,535-109-8422,"wU0!_L,x"
Keenan,Rayne,krayne9e@1688.com,331-539-1679,wV2'VEQ1/
Marina,Dakhno,mdakhno9f@multiply.com,938-425-9220,aQ2/dY!IDyQ8
Jeana,Worlidge,jworlidge9g@studiopress.com,393-858-1675,zJ0{VBV)o
Nicolina,Bestwick,nbestwick9h@alexa.com,847-366-1575,dU3<{Cp?$tZ
Wendye,Walshe,wwalshe9i@si.edu,378-264-0633,iA7$Yk>aiMFPZ/
Mufinella,Wentworth,mwentworth9j@ehow.com,891-523-8151,kY2'!S}a{eJR*4CC
Guido,Vassie,gvassie9k@netscape.com,148-136-4693,qN4=GRi+{}i}lm
Genni,Bohlin,gbohlin9l@hc360.com,182-410-6366,iL9{Fz@7?{zj#Zol
Ronalda,Edlin,redlin9m@usda.gov,190-666-0629,dM5|e*crM3(
Clarissa,Twist,ctwist9n@surveymonkey.com,794-634-0705,sX6?h)@Q
Ashla,Conklin,aconklin9o@dedecms.com,689-956-7779,aW2.7/8=##Hf
Marsha,Pennyman,mpennyman9p@artisteer.com,527-398-9532,aF8.d&W=GZ
Myranda,Thirst,mthirst9q@comsenz.com,159-913-5100,mR7=x'KK(BqSi
Elyn,Rivaland,erivaland9r@japanpost.jp,890-225-5247,bI2>.KdE
Saundra,Childrens,schildrens9s@istockphoto.com,789-903-8485,zV5'}EB|uk?
Loralee,Blanchflower,lblanchflower9t@icq.com,571-953-5193,"fR0?zy(w@`R""Q%a!"
Dulcea,Janzen,djanzen9u@timesonline.co.uk,206-879-6763,pM6?Ib$m6
Eula,Crebott,ecrebott9v@admin.ch,128-301-0871,xK6!d@Ws
Hershel,McGaugie,hmcgaugie9w@bloomberg.com,836-283-7689,tA9=@Ab&dfxz<
Sam,Oldland,soldland9x@independent.co.uk,694-586-6447,rU5!!kL6&@'
Glennis,Kittel,gkittel9y@opera.com,114-618-1621,tU4'MTN>6_
Tricia,Tripony,ttripony9z@google.pl,267-698-6363,"uJ0,'\Cz%*AStXX"
Patrice,Jearum,pjearuma0@theatlantic.com,351-247-7787,uE0~)N4D3u66fF
Noah,Carreyette,ncarreyettea1@altervista.org,861-480-9685,vX3+d%n1%
Brewer,Nutt,bnutta2@ebay.co.uk,324-145-8013,"wS3*n!~s>S$"""
Sargent,Harding,shardinga3@chronoengine.com,454-394-9733,jO0>4yqNta@
Hedwiga,Phil,hphila4@bluehost.com,436-447-4176,iJ7_c})ezw*1a/`
Kalil,Fairweather,kfairweathera5@hibu.com,645-328-8135,qE9(M7'K&
Norene,Baiyle,nbaiylea6@wordpress.com,141-462-1472,jM1\M)$_
Carlota,Stump,cstumpa7@time.com,104-867-1505,yM1=>%kAvh*=k
Aline,Pope,apopea8@altervista.org,429-551-2926,"vW6`j""WKoe"
Kylen,Crummey,kcrummeya9@bbb.org,241-359-5972,"dK3_j<>gL""""6\/r"
Xylia,Antrim,xantrimaa@rakuten.co.jp,811-143-1125,mM9!{Luwq&>
Clare,Gaskal,cgaskalab@noaa.gov,287-170-4088,"nH4""ydZT(o""k1%j"
Katti,Biaggetti,kbiaggettiac@wikimedia.org,695-526-1415,"zU1'{?MD?$e>A3,z"
Tera,Pinckard,tpinckardad@weibo.com,828-431-6692,"cS4,A~r7ZKq2i"
Farly,Macquire,fmacquireae@howstuffworks.com,651-789-8894,aA7{Wo)\y&w14
Dukey,Sibbald,dsibbaldaf@t.co,222-486-1081,zX8/n|ml`l
Talya,Dobrovolski,tdobrovolskiag@webs.com,772-957-5749,uI1/Xq4UM&@I>!3
Johann,Sinnocke,jsinnockeah@lulu.com,296-405-5532,oI1@=lR$
Melloney,Lemerle,mlemerleai@hao123.com,217-371-1124,qE8|yXiV@'e/ctNZ
Colleen,Luton,clutonaj@theglobeandmail.com,839-732-1040,yW6#.(eaT
Sarene,McGilvary,smcgilvaryak@dell.com,458-543-4781,jX3+(/~8
Donalt,Titcom,dtitcomal@google.pl,199-614-2361,"fH6'V@0R,"
Siouxie,Sokale,ssokaleam@tamu.edu,359-277-2536,xN8{}g=)95BR
Augustine,Waberer,awabereran@parallels.com,241-439-0524,pE6)mfGJ?dY
Catlee,Heamus,cheamusao@google.com.au,186-397-2207,"hH7""S4cyJ@=oy&A_"
Garv,Brameld,gbrameldap@mapquest.com,907-516-6037,"qI4$t06""ZV4E"
Art,Roddy,aroddyaq@usatoday.com,994-845-1680,"dB9'd%WDUA,"
Pauly,Sidle,psidlear@answers.com,876-171-6737,"eR3,e0ML}ZrLSdm"
Tye,Giacobini,tgiacobinias@theatlantic.com,743-524-6095,cW4)n6qvG<uEJ
Edita,Helmke,ehelmkeat@businessweek.com,514-277-2424,yE7#Q%rI
Jeniece,Collecott,jcollecottau@usda.gov,619-638-3277,dR9@y&)VlIQ
Corabelle,Cowlard,ccowlardav@census.gov,303-571-5886,"lR7)bh{.0q,"
Batholomew,Emblen,bemblenaw@macromedia.com,998-711-2302,nN0'K.8aE0`{p'0\
Cassey,Leadstone,cleadstoneax@tamu.edu,372-558-2132,fL2{=m7eRv
Christine,Coggan,ccogganay@accuweather.com,103-715-5988,lD6\j5I9
Agnes,Noden,anodenaz@bloglines.com,519-395-5914,jN7&6SDD
Britt,Keoghane,bkeoghaneb0@themeforest.net,190-579-4865,"aW8`*""!p~D"
Ketty,Flobert,kflobertb1@bizjournals.com,619-845-6149,aA5=~CY$uZ
Abigail,McPeck,amcpeckb2@mapquest.com,253-551-9087,uA2/{KrI*
Allegra,Fellibrand,afellibrandb3@europa.eu,477-472-1145,wA3_7R2nRb
Lily,Bridal,lbridalb4@hibu.com,293-720-1275,hI7`$#3iQ3/z1tB
Leslie,Baptista,lbaptistab5@timesonline.co.uk,670-364-8738,"zK9@""""pi+41,"
Delmar,Berggren,dberggrenb6@surveymonkey.com,431-181-1852,qY3}'*9?UZOUdNS)
Cherianne,Teague,cteagueb7@dailymail.co.uk,505-705-1827,sG4?2g1I
Callie,Casaletto,ccasalettob8@narod.ru,442-263-0941,iE7.njJTpP
Ricoriki,Gavozzi,rgavozzib9@aboutads.info,584-981-4819,jN4>dooJ)o@s'
Olimpia,Tuke,otukeba@1und1.de,651-626-5226,uC2`7Rn(*c9+`mD
Justine,Parren,jparrenbb@yolasite.com,315-723-0343,"vI5*_Ek0%(fm,t"
Kilian,Skeen,kskeenbc@cloudflare.com,585-224-5356,fD2}DYJ7c=OG%gs
Robinett,Gumme,rgummebd@bloglines.com,477-947-2202,yR5)&X7YV5
Norrie,Youde,nyoudebe@bbc.co.uk,704-230-3367,yN2_/M68I7mjY{
Renard,Playford,rplayfordbf@reference.com,461-321-1449,kE6_7S6e\C<
Fee,Plain,fplainbg@un.org,405-475-8388,hO8.{GIu7?s
Booth,Carnie,bcarniebh@smh.com.au,512-164-1451,rF8?.qx=IbS
Malissia,Spradbrow,mspradbrowbi@angelfire.com,526-334-0360,eN2(ET_P_}
Rosabelle,Tallon,rtallonbj@stumbleupon.com,986-182-9596,pM0{6C<Cpp&lYru
Giana,Nanni,gnannibk@about.com,816-501-3119,zV2!=c0b%N
Bella,Kuhl,bkuhlbl@about.me,842-208-3436,"yN9\0C*i@?,U""z9"
Maury,Martina,mmartinabm@alexa.com,354-125-5675,kB7_Pi0M}8nTO
Riordan,Ende,rendebn@hao123.com,718-618-1172,uW5>hOaU~H
Alisa,Toffalo,atoffalobo@fc2.com,601-601-6089,dG7)QPv3.
Chariot,Claw,cclawbp@gravatar.com,496-970-4631,lA1(F4')l2blQO'm
Marni,Bartels-Ellis,mbartelsellisbq@instagram.com,996-790-2992,"cI7(Ue,?2`"
Spence,Leopard,sleopardbr@springer.com,400-743-2331,yT3)qZI+yPe}rLqa
Cchaddie,Hovel,chovelbs@addthis.com,751-626-7250,fB1)<UtiN
Ruprecht,Andress,randressbt@eventbrite.com,817-228-6000,"iS4""/Z<""K"
Kelley,Fiveash,kfiveashbu@360.cn,972-253-1465,oR0`mwp)~!9
Bobbee,Puddicombe,bpuddicombebv@ox.ac.uk,299-369-4436,nO7\T{arPb}{<Un
Dimitri,Posselt,dposseltbw@taobao.com,459-970-9808,mQ1*A+F\
Katha,Coast,kcoastbx@nps.gov,904-430-9141,bL4=tco%
Dory,Braznell,dbraznellby@shop-pro.jp,897-163-5333,"lV2$(#'&5h=JX"""
Rycca,McDavid,rmcdavidbz@chronoengine.com,342-224-7107,wM7)O>Q_
Nannie,Ace,nacec0@slashdot.org,874-255-9805,zO1+4jJA?i8cf
Ike,Causon,icausonc1@exblog.jp,487-386-2408,nD7~JoD26A
Coreen,Westhead,cwestheadc2@mapy.cz,439-875-7711,bL9!IbIT(!q05
Rodina,Weatherup,rweatherupc3@merriam-webster.com,987-948-6339,vY6&CHUp@|X
Duffy,Lauritzen,dlauritzenc4@wordpress.org,822-646-8836,xX4_I`BIR(
Krissie,Medler,kmedlerc5@twitter.com,344-872-3776,yB3~@6{EY}i
Madelin,Shout,mshoutc6@merriam-webster.com,963-632-6799,"xT4!u6`,p"
Corrine,Wedgbrow,cwedgbrowc7@dion.ne.jp,788-955-1239,lF7'wmja
Pace,Wakes,pwakesc8@trellian.com,832-999-7680,"xY9/xVlH'x.EWn,="
Beth,Soughton,bsoughtonc9@nyu.edu,892-395-7470,"nH3>""Hjl"
Fedora,Lippingwell,flippingwellca@scientificamerican.com,349-298-5574,pT1#pGge|bi5h
Denni,Filgate,dfilgatecb@ft.com,173-852-9787,cB2@.@U2Guc
Tomaso,Bruster,tbrustercc@google.es,821-946-7073,yF4&u2ci
Ronny,Grzegorczyk,rgrzegorczykcd@latimes.com,627-221-3722,zO9`nwVqq+!
Mellisa,Shearer,mshearerce@plala.or.jp,848-840-7429,wD1>ofRZ`xI
Fabio,Dailly,fdaillycf@comcast.net,135-836-8681,"fC8,'JNvVBMvx?"
Verney,Bowller,vbowllercg@so-net.ne.jp,454-841-3826,zC5/M}i/IMuNR
Ruperta,Langstone,rlangstonech@sciencedaily.com,878-655-5822,rP1|x$$VlL
Ellsworth,Sivewright,esivewrightci@howstuffworks.com,167-771-0077,fX0`}TZbeuh
Myrta,Mordey,mmordeycj@google.com,301-909-3944,tB4?=|)z_.xvh!1
Jannel,O'Carney,jocarneyck@squidoo.com,205-255-9661,xV0@9cg76
Benni,Yaxley,byaxleycl@sfgate.com,699-252-1032,"fU2#""_7ERBc)qp"
Winfield,Bithell,wbithellcm@uol.com.br,703-411-9129,"iU6,et`D5L0dd_"
Harlan,Pitrelli,hpitrellicn@merriam-webster.com,371-870-3144,uO9`N3V_uWp1y
Enid,Bortolini,ebortolinico@army.mil,204-982-9393,dM1)9hB@{ir=A
Oralia,Ferrettino,oferrettinocp@multiply.com,939-943-9094,"rZ2|K,fRl('_"
Miner,Hrihorovich,mhrihorovichcq@mashable.com,776-547-4158,gQ1=`}Kx<!
Harbert,Guierre,hguierrecr@1und1.de,406-188-5601,zW1/k|MmnwSK/
Nickolai,Douthwaite,ndouthwaitecs@oracle.com,258-715-2897,cJ4@Cd9P<k
Zenia,Meritt,zmerittct@cpanel.net,424-548-9194,gN5>@q\C+s
Dalli,Ashford,dashfordcu@uol.com.br,503-336-2314,bA5#YM|wjCmM
Michaeline,Bomfield,mbomfieldcv@liveinternet.ru,733-463-0117,"nW0{Eh*""z5"
Martelle,Ameer-Beg,mameerbegcw@google.pl,113-817-8983,xC1~bVg&FN/'
Darlene,Olivia,doliviacx@paypal.com,665-612-0638,eZ1%jMK%iz@CS._@
Coleman,Clausen,cclausency@github.io,591-558-0245,vQ1&!ySO)
Randie,Mapston,rmapstoncz@china.com.cn,284-719-3207,fA6}vMx.
Vivyan,De Roos,vderoosd0@marketwatch.com,836-185-6578,aV8!|}57mQDqC
Blair,Mawd,bmawdd1@aol.com,526-762-3186,vW1?1ot?
Paco,Sillett,psillettd2@mozilla.com,956-993-6620,kQ7}{_Uo
Freedman,Boness,fbonessd3@qq.com,181-672-5385,dY9(XUUK$
Madelon,Wipper,mwipperd4@admin.ch,177-850-7313,nM6@*2Gp(
Kakalina,Du Fray,kdufrayd5@youtu.be,364-693-8068,zS5)UgH3qV
Lindy,Daber,ldaberd6@discovery.com,419-230-3961,nX2@t'!K+
Miquela,Ivell,mivelld7@issuu.com,263-849-0216,zD8}yTSJY4&`oiva
Petrina,Woodroof,pwoodroofd8@mapy.cz,489-624-1469,uX8&l&`JHb
Marnie,Lowndsbrough,mlowndsbroughd9@patch.com,323-410-4484,lM5*Ri$>i`%
Nicholas,Grogona,ngrogonada@slashdot.org,944-175-6940,vH6.J#*g|J
Dieter,Bresnahan,dbresnahandb@businesswire.com,938-169-8502,tX9#ilaO&cn8SZ>%
Humfrid,Brosenius,hbroseniusdc@vkontakte.ru,352-330-4382,aZ9$d}|Q0@C`
Dorolice,Saltwell,dsaltwelldd@ucla.edu,580-528-8284,"tT0\1N*,eAlX8"
Joyan,Sabati,jsabatide@jimdo.com,412-512-3582,pX9/yLNQ
Halley,Jansky,hjanskydf@4shared.com,235-200-9066,jH1?MmjpKV>02'
Simeon,Sauniere,ssaunieredg@wp.com,773-627-6442,vF7#W79FGoX9+&\6
Jeth,Lowle,jlowledh@slideshare.net,338-382-2742,wF9}unzHk&
Mamie,Spillett,mspillettdi@dailymail.co.uk,800-987-3325,hH0!N{hAQ5W
Agnese,Fawks,afawksdj@cbc.ca,618-192-4317,dL3|Kw/e8l
Bayard,Flowerden,bflowerdendk@google.cn,157-532-5240,tD5{xb{Q
Harmonia,Cyseley,hcyseleydl@yale.edu,711-380-5670,"uB1%9F7"".47U*/"
Hector,Tarplee,htarpleedm@netvibes.com,324-137-4768,fY1/2Auy`kaGt*v
Valentine,Crisford,vcrisforddn@unicef.org,282-199-8459,"oE5!Py""<2_?"
Cece,Paynter,cpaynterdo@ted.com,828-769-1256,uJ8{7uS$w
Lazare,Chaise,lchaisedp@goo.ne.jp,749-478-7053,sT1%=XyVY
Nial,Houlridge,nhoulridgedq@archive.org,683-515-3840,"pO7""Z~I}$)@6G"
Rivy,De Vuyst,rdevuystdr@biglobe.ne.jp,112-671-7037,gE9!T1`geL~cesA
Edan,Symones,esymonesds@geocities.jp,408-582-3341,fU8~?2OLk(/V%
Inger,Dowzell,idowzelldt@imageshack.us,118-171-9562,wC1#2WiT+
Donalt,Buchett,dbuchettdu@bizjournals.com,526-956-9446,mC3_NOnh
Bartlett,Muncaster,bmuncasterdv@elpais.com,669-584-3171,cR4$L2K>w1
